,Well,G / R,O / R,pH,,
1,G02,0.07,16.23672907,2.6,,(originally 2.9085708 )
2,G03,0.07,20.28720458,3.45,,(originally 2.0719592 )
3,G04,0.2522198,0.177899204,4.09,,
4,G05,0.3819764,0.218375333,4.5,,
5,G06,0.3623392,0.590305359,4.5HC,,
6,G07,0.4756887,0.213100237,4.9,,
7,G08,0.5445895,0.201474631,5.2,,
8,G09,0.6782906,0.209555645,5.5,,
9,G10,0.6953794,0.178564332,6.35,,
10,G11,0.6345703,0.046668379,7,,
